,ACB,BID,BVH,CTG,FPT,GAS,GVR,HDB,HPG,KDH,MBB,MSN,MWG,NVL,PDR,PLX,PNJ,POW,SAB,SSI,STB,TCB,TPB,VCB,VHM,VIC,VJC,VNM,VPB,VRE
0,"26,360.0","34,308.5","60,500.0","29,403.0","65,930.9","91,100.0","30,900","21,320.0","34,217.5","28,318.0","28,250.0","87,300","87,223","46,249","54,691.9","55,600.0","83,600.0","13,750.0","178,000","22,516.6","19,200.0","40,050.0","21,185.2","74,167","76,017","94,133","135,000","102,200.0","24,722.5","34,650.0"
1,"26,800.0","34,031.5","60,100.0","29,441.0","65,930.9","91,100.0","30,300","21,320.0","34,254.3","28,500.0","28,900.0","88,500","88,288","46,080","54,529.2","57,100.0","84,100.0","13,700.0","177,000","22,314.9","18,900.0","40,100.0","21,259.3","74,555","75,941","94,222","135,000","102,200.0","24,889.2","34,450.0"
2,"26,760.0","33,556.6","59,600.0","29,209.0","69,809.2","90,300.0","29,450","21,440.0","33,959.7","28,409.0","28,650.0","88,000","88,620","45,517","54,610.6","57,800.0","83,500.0","13,600.0","180,600","21,978.9","18,900.0","39,850.0","21,111.1","74,090","75,713","93,689","134,600","101,000.0","24,639.2","34,800.0"
3,"26,800.0","34,268.9","59,600.0","30,642.0","69,636.8","92,800.0","29,700","22,000.0","34,107.0","28,636.0","29,000.0","88,000","88,354","45,292","54,691.9","57,800.0","83,600.0","13,950.0","179,200","21,911.7","19,600.0","40,300.0","21,259.3","74,013","75,561","93,067","133,500","100,500.0","24,778.0","34,850.0"
4,"27,160.0","35,614.3","60,700.0","31,378.0","69,809.2","91,800.0","30,700","22,000.0","34,328.0","29,273.0","29,200.0","89,700","88,886","45,686","55,343.0","57,700.0","84,900.0","13,850.0","180,600","22,382.2","19,700.0","41,950.0","21,481.5","75,484","75,865","94,756","134,900","102,500.0","25,472.5","35,000.0"
5,"27,040.0","35,614.3","61,000.0","31,340.0","68,775.0","90,900.0","30,000","21,720.0","34,733.1","29,500.0","29,200.0","88,700","88,487","44,448","55,750.0","56,300.0","84,600.0","13,400.0","180,000","22,382.2","19,600.0","42,000.0","21,407.4","72,929","74,420","96,356","130,500","101,700.0","25,111.4","34,000.0"
6,"26,720.0","35,337.3","62,200.0","31,843.0","67,826.9","90,500.0","29,700","21,560.0","34,438.5","29,091.0","28,650.0","88,100","87,755","45,461","54,936.1","56,000.0","84,200.0","13,550.0","179,000","22,449.4","19,200.0","41,300.0","21,333.3","75,096","75,561","95,378","132,700","100,800.0","24,944.7","34,600.0"
7,"26,400.0","34,585.5","61,700.0","31,378.0","67,913.1","91,800.0","29,350","21,200.0","34,328.0","28,545.0","28,350.0","86,500","87,156","45,011","56,580.1","57,200.0","84,200.0","13,300.0","178,000","22,113.3","18,800.0","40,450.0","20,963.0","74,167","75,104","94,667","131,000","100,200.0","24,722.5","34,150.0"
8,"25,960.0","33,358.8","59,500.0","30,216.0","66,361.8","90,100.0","28,150","20,400.0","33,480.8","28,091.0","27,600.0","85,100","86,425","44,898","56,132.5","56,300.0","84,100.0","12,750.0","175,500","21,037.9","18,400.0","39,300.0","19,963.0","73,316","73,963","95,911","128,000","98,700.0","24,500.3","33,400.0"
9,"25,640.0","33,437.9","59,400.0","30,526.0","66,017.1","90,300.0","27,600","20,480.0","33,149.3","28,091.0","27,550.0","86,000","85,693","45,011","55,684.9","56,200.0","85,000.0","12,600.0","175,000","20,701.8","18,750.0","39,350.0","19,925.9","73,626","73,582","98,133","128,100","98,500.0","24,028.0","32,850.0"
10,"25,960.0","33,319.2","58,400.0","30,255.0","65,586.1","89,200.0","27,300","20,600.0","34,033.3","27,273.0","27,500.0","85,900","86,491","44,730","55,058.2","55,900.0","84,900.0","12,700.0","173,000","20,769.0","18,950.0","39,400.0","19,777.8","73,471","72,822","99,911","130,500","97,400.0","24,111.4","32,200.0"
11,"26,400.0","33,675.3","59,200.0","30,991.0","66,878.9","89,500.0","27,850","20,800.0","34,107.0","27,636.0","28,250.0","86,100","86,558","45,011","55,505.8","55,600.0","85,000.0","13,100.0","173,300","21,105.1","19,200.0","39,550.0","20,296.3","73,780","73,202","100,267","131,600","99,000.0","24,722.5","33,050.0"
12,"26,640.0","33,912.8","60,000.0","31,301.0","66,448.0","89,600.0","28,200","20,960.0","34,217.5","27,636.0","28,300.0","88,500","86,092","45,405","55,326.8","55,500.0","84,500.0","13,200.0","175,000","21,374.0","20,500.0","40,050.0","20,592.6","73,393","73,278","104,000","131,600","99,200.0","24,972.5","32,600.0"
13,"26,640.0","33,991.9","59,600.0","31,107.0","66,965.1","89,700.0","27,800","21,120.0","34,475.3","27,682.0","28,150.0","92,500","86,292","45,292","55,505.8","55,100.0","84,500.0","13,200.0","180,000","21,340.3","21,450.0","40,400.0","20,629.6","73,393","74,039","104,800","129,700","98,400.0","24,805.8","32,700.0"
14,"27,080.0","34,783.3","60,900.0","31,805.0","68,688.8","90,600.0","28,450","21,440.0","35,727.6","28,182.0","29,200.0","92,300","89,352","46,024","56,580.1","56,300.0","85,500.0","13,650.0","179,000","22,819.1","21,600.0","41,000.0","20,740.7","75,019","75,333","109,333","132,500","101,000.0","25,500.3","33,850.0"
15,"27,720.0","35,614.3","61,800.0","31,998.0","68,775.0","90,300.0","28,300","21,800.0","36,132.8","28,455.0","29,600.0","92,700","89,685","46,136","57,833.5","56,500.0","88,700.0","13,600.0","180,000","23,054.3","22,600.0","41,250.0","20,963.0","75,716","76,626","109,333","132,300","102,700.0","25,666.9","33,850.0"
16,"27,800.0","36,049.6","60,700.0","32,541.0","68,602.6","89,400.0","28,300","22,120.0","36,316.9","27,909.0","30,400.0","93,000","89,219","48,105","60,877.3","55,900.0","88,800.0","13,650.0","179,500","23,524.8","23,150.0","41,500.0","21,037.0","78,967","77,387","110,489","132,300","102,600.0","25,805.8","34,500.0"
17,"27,800.0","36,207.9","61,600.0","33,315.0","68,430.2","89,700.0","27,900","22,080.0","36,390.6","28,136.0","31,400.0","91,900","88,687","48,837","60,698.3","55,800.0","89,000.0","13,450.0","178,000","23,524.8","22,750.0","42,200.0","20,851.9","78,890","77,387","112,889","133,000","101,500.0","25,805.8","35,000.0"
18,"27,520.0","36,049.6","63,400.0","33,315.0","68,602.6","89,100.0","28,000","22,200.0","36,427.4","28,045.0","31,800.0","93,800","89,485","49,568","61,504.0","55,800.0","88,500.0","13,950.0","177,000","23,760.0","22,300.0","42,200.0","21,333.3","78,890","76,474","113,511","133,000","100,100.0","25,833.6","35,400.0"
19,"27,520.0","35,456.0","62,400.0","33,005.0","68,602.6","89,000.0","28,400","22,440.0","36,353.8","28,545.0","31,200.0","93,000","89,152","49,962","61,504.0","55,900.0","88,500.0","13,800.0","174,000","23,659.2","22,200.0","41,950.0","21,407.4","77,419","75,865","111,467","133,000","99,900.0","25,944.7","35,300.0"
20,"27,520.0","35,060.3","62,400.0","32,928.0","70,757.2","88,800.0","28,500","22,400.0","36,501.1","28,955.0","31,350.0","92,100","88,687","50,637","61,414.5","55,900.0","90,300.0","13,800.0","174,000","23,692.8","22,700.0","41,600.0","21,333.3","75,484","75,257","111,022","131,800","99,800.0","26,222.5","35,000.0"
21,"28,120.0","35,416.5","62,400.0","33,470.0","70,757.2","87,900.0","28,400","22,320.0","37,716.6","29,182.0","31,650.0","91,900","89,751","53,619","61,145.9","55,900.0","91,800.0","14,250.0","175,000","24,533.0","23,450.0","42,150.0","21,592.6","76,567","77,463","117,333","131,800","100,000.0","27,222.5","35,300.0"
22,"27,680.0","34,545.9","60,800.0","32,579.0","69,550.6","86,000.0","27,550","22,120.0","36,906.3","28,591.0","31,100.0","94,200","89,751","54,351","60,698.3","54,900.0","90,700.0","13,850.0","173,400","23,928.1","22,700.0","41,600.0","21,925.9","75,484","77,996","125,067","131,900","100,000.0","27,611.4","35,300.0"
23,"27,680.0","34,822.9","60,700.0","33,122.0","69,809.2","86,500.0","27,350","22,320.0","39,042.6","28,818.0","31,250.0","100,700","90,084","56,320","60,519.2","55,200.0","91,500.0","13,800.0","172,700","24,163.3","22,900.0","41,800.0","21,963.0","76,413","76,474","124,445","132,000","99,300.0","27,833.6","35,000.0"
24,"27,080.0","34,071.0","59,500.0","32,696.0","68,947.3","86,000.0","26,650","21,880.0","40,147.5","28,273.0","30,600.0","100,000","88,953","57,670","60,519.2","54,400.0","92,000.0","13,400.0","171,700","23,424.0","22,350.0","40,900.0","21,333.3","75,484","77,007","125,245","131,700","99,100.0","27,778.1","34,000.0"
25,"26,480.0","33,240.0","57,900.0","32,541.0","68,688.8","86,000.0","25,500","21,320.0","40,221.2","28,545.0","30,200.0","100,100","89,152","60,765","63,563.1","52,800.0","90,900.0","13,200.0","169,100","22,852.7","22,100.0","40,450.0","20,518.5","74,555","76,854","127,111","129,000","96,900.0","27,194.7","33,950.0"
26,"26,960.0","34,031.5","59,500.0","32,928.0","70,240.1","87,200.0","26,000","21,840.0","42,578.5","30,091.0","30,500.0","107,100","91,415","61,327","67,949.9","52,500.0","94,000.0","13,100.0","170,000","23,390.4","22,900.0","41,600.0","20,963.0","76,258","79,518","128,000","129,200","96,100.0","27,528.1","33,950.0"
27,"26,880.0","34,189.8","60,000.0","32,541.0","71,446.7","88,000.0","25,200","21,760.0","42,136.5","31,045.0","30,500.0","105,500","94,808","61,046","71,083.2","52,900.0","94,400.0","13,000.0","170,000","22,919.9","22,500.0","41,150.0","20,592.6","79,742","82,638","127,200","131,000","99,300.0","27,500.3","34,600.0"
28,"26,000.0","32,448.6","58,000.0","30,332.0","68,947.3","85,800.0","23,450","21,040.0","40,515.9","30,000.0","29,200.0","98,200","94,808","60,371","68,397.5","51,000.0","93,900.0","12,350.0","167,600","21,340.3","21,000.0","39,700.0","20,000.0","79,742","78,452","123,378","130,400","98,000.0","27,222.5","32,200.0"
29,"26,720.0","33,240.0","59,000.0","31,998.0","71,532.8","86,000.0","24,250","21,520.0","41,547.2","32,091.0","30,300.0","100,000","98,134","60,202","70,277.5","51,000.0","96,000.0","12,600.0","170,000","22,180.5","22,450.0","40,500.0","20,740.7","80,516","79,898","122,933","129,500","99,500.0","28,333.6","32,800.0"
30,"26,640.0","32,052.9","57,400.0","30,759.0","69,809.2","81,500.0","23,700","21,200.0","40,589.5","31,364.0","29,600.0","95,000","94,808","64,365","74,200.0","49,950.0","95,000.0","12,100.0","170,000","21,306.7","22,550.0","39,450.0","20,111.1","76,335","75,789","116,889","127,500","96,000.0","29,444.8","31,150.0"
31,"27,200.0","31,934.2","56,900.0","30,720.0","69,550.6","81,500.0","23,400","21,440.0","41,473.5","31,409.0","29,600.0","98,000","94,408","68,360","72,200.0","48,600.0","96,000.0","12,100.0","169,800","21,374.0","23,100.0","39,500.0","20,074.1","76,645","76,094","117,422","127,200","95,700.0","29,555.9","30,600.0"
32,"27,040.0","32,132.0","57,400.0","30,797.0","69,636.8","81,900.0","25,000","21,480.0","41,252.5","31,682.0","30,250.0","99,000","93,144","72,017","71,500.0","50,000.0","95,700.0","12,200.0","169,800","21,575.6","24,200.0","39,950.0","20,185.2","76,645","76,778","116,889","126,000","93,700.0","30,555.9","31,500.0"
33,"27,720.0","32,448.6","57,300.0","31,611.0","69,723.0","83,500.0","25,750","21,800.0","42,799.5","31,955.0","30,350.0","98,000","93,743","73,930","70,200.0","50,300.0","98,000.0","12,300.0","167,100","21,911.7","23,900.0","41,000.0","20,296.3","77,419","75,561","116,445","124,900","93,500.0","32,500.4","32,000.0"
34,"27,560.0","32,686.0","55,600.0","33,315.0","71,446.7","83,300.0","25,250","21,760.0","44,051.8","33,591.0","31,250.0","95,900","92,745","73,987","73,000.0","49,650.0","95,200.0","12,050.0","161,200","22,113.3","24,100.0","43,400.0","20,740.7","76,722","75,485","118,756","124,000","91,600.0","33,055.9","31,300.0"
35,"28,240.0","33,160.9","56,300.0","33,587.0","71,446.7","85,500.0","25,250","23,240.0","43,683.5","33,227.0","31,700.0","96,000","93,743","74,830","72,300.0","50,900.0","97,000.0","12,700.0","160,400","22,583.8","24,700.0","45,950.0","21,222.2","78,348","75,789","118,845","124,500","92,000.0","33,667.0","31,600.0"
36,"27,840.0","32,646.5","56,000.0","33,238.0","71,274.3","84,900.0","25,300","23,040.0","43,757.1","33,136.0","31,600.0","95,600","94,475","76,350","71,800.0","50,800.0","96,000.0","12,300.0","156,000","22,079.7","24,400.0","47,100.0","20,851.9","76,877","75,104","117,778","122,000","89,600.0","34,333.7","31,200.0"
37,"28,160.0","32,171.6","54,200.0","33,935.0","71,532.8","84,000.0","24,800","24,000.0","44,788.4","33,000.0","31,600.0","95,000","93,277","76,406","70,900.0","50,700.0","95,500.0","12,100.0","153,000","21,978.9","24,000.0","47,050.0","21,555.6","75,096","73,887","117,333","119,500","87,000.0","34,167.0","31,000.0"
38,"28,960.0","32,765.2","56,100.0","34,710.0","73,946.0","86,000.0","24,650","24,640.0","46,409.1","33,136.0","33,200.0","101,600","91,880","72,299","69,900.0","53,300.0","93,600.0","12,200.0","150,500","23,323.2","24,300.0","48,100.0","23,037.0","75,948","75,409","117,778","119,200","93,000.0","34,611.5","31,750.0"
39,"28,640.0","33,319.2","56,000.0","34,245.0","73,428.9","85,300.0","25,250","24,000.0","45,672.4","33,455.0","32,700.0","101,500","91,481","72,299","69,500.0","53,000.0","94,000.0","12,300.0","152,200","22,987.1","24,650.0","47,000.0","22,963.0","75,793","74,572","116,445","119,000","91,200.0","35,000.4","31,000.0"
40,"28,920.0","33,754.5","56,800.0","34,865.0","73,601.3","86,400.0","27,000","24,160.0","46,188.1","33,727.0","33,200.0","104,000","92,812","73,143","72,600.0","53,300.0","95,800.0","12,450.0","151,700","23,390.4","26,350.0","49,250.0","23,666.7","75,329","74,343","115,378","119,000","91,800.0","35,555.9","31,200.0"
41,"28,960.0","33,714.9","55,600.0","36,027.0","72,394.7","85,600.0","26,500","24,240.0","45,304.1","33,364.0","32,950.0","103,000","93,144","75,393","71,100.0","54,000.0","94,300.0","12,200.0","154,200","23,558.4","26,300.0","48,000.0","23,333.3","74,942","73,811","112,445","117,000","90,500.0","36,167.1","30,900.0"
42,"29,160.0","33,517.0","55,800.0","36,414.0","73,084.2","84,100.0","26,300","24,960.0","45,230.4","33,864.0","33,000.0","108,100","94,808","75,449","72,000.0","54,800.0","94,200.0","12,250.0","154,900","23,726.4","26,400.0","48,650.0","23,666.7","75,019","73,963","111,378","117,900","89,500.0","37,000.4","30,650.0"
43,"29,240.0","33,081.7","54,600.0","36,221.0","73,859.8","82,500.0","25,350","24,920.0","45,598.8","33,182.0","32,900.0","104,200","94,142","77,419","70,200.0","54,000.0","94,000.0","12,150.0","154,500","23,827.3","25,950.0","47,850.0","24,148.2","74,322","76,702","110,222","114,000","87,200.0","36,556.0","30,700.0"
44,"29,000.0","32,369.5","54,000.0","36,066.0","74,980.2","82,000.0","24,800","24,480.0","46,703.7","32,727.0","33,300.0","105,100","94,275","79,725","70,100.0","54,000.0","93,500.0","12,000.0","154,000","23,692.8","27,300.0","48,350.0","23,777.8","73,238","75,257","107,556","113,000","87,000.0","37,333.7","30,000.0"
45,"29,280.0","32,369.5","53,200.0","37,189.0","78,255.2","81,600.0","25,350","25,160.0","48,692.7","32,545.0","34,500.0","108,000","94,275","79,894","70,200.0","54,200.0","93,500.0","11,700.0","153,500","24,196.9","28,500.0","50,100.0","24,370.4","72,851","76,398","106,756","110,000","87,500.0","37,500.4","29,350.0"
46,"29,920.0","33,121.3","52,800.0","37,887.0","82,305.9","80,800.0","24,700","25,600.0","49,061.0","33,182.0","34,500.0","113,600","99,797","79,332","73,000.0","54,400.0","99,300.0","11,450.0","152,100","25,877.3","29,400.0","50,200.0","24,444.5","76,645","77,615","109,245","111,000","88,000.0","37,111.5","29,500.0"
47,"30,000.0","35,416.5","53,300.0","37,383.0","80,840.7","81,000.0","25,350","25,520.0","48,324.4","34,000.0","34,650.0","111,900","96,737","77,250","76,000.0","57,400.0","101,800.0","11,700.0","150,200","26,213.3","28,850.0","50,800.0","24,444.5","74,942","79,061","108,889","112,700","89,200.0","37,667.1","30,350.0"
48,"30,000.0","36,405.8","54,300.0","39,669.0","80,582.2","82,000.0","27,100","25,400.0","48,177.0","34,045.0","34,750.0","112,000","97,136","75,956","76,400.0","56,300.0","101,900.0","11,800.0","153,900","26,751.1","28,900.0","50,900.0","24,703.7","75,406","80,659","108,533","113,500","91,200.0","37,056.0","30,850.0"
49,"30,400.0","36,959.8","55,200.0","39,591.0","80,840.7","82,900.0","27,000","26,000.0","49,650.4","33,682.0","35,800.0","113,600","97,136","76,237","75,800.0","56,200.0","101,900.0","11,900.0","157,900","27,490.4","29,350.0","51,600.0","26,000.0","77,264","79,594","108,711","113,300","90,500.0","37,111.5","31,200.0"
50,"30,760.0","36,920.2","55,500.0","39,901.0","82,133.5","81,900.0","27,450","26,240.0","49,945.0","33,727.0","37,500.0","113,600","96,404","75,112","74,800.0","55,300.0","101,800.0","11,650.0","163,800","27,524.0","29,500.0","52,800.0","26,629.6","77,729","80,431","108,178","113,000","91,000.0","37,556.0","31,250.0"
51,"30,560.0","35,930.9","56,100.0","38,894.0","80,840.7","80,100.0","27,850","25,600.0","49,208.4","35,455.0","36,500.0","110,000","94,741","76,518","77,500.0","53,900.0","101,600.0","11,650.0","163,000","26,616.6","29,800.0","51,400.0","26,000.0","76,413","79,442","106,933","113,000","90,500.0","37,389.3","30,750.0"
52,"31,120.0","37,315.9","55,500.0","39,669.0","81,702.6","82,000.0","28,750","26,280.0","49,429.4","35,455.0","37,700.0","112,500","94,941","75,899","77,800.0","54,800.0","101,000.0","11,700.0","161,500","28,095.3","31,850.0","53,000.0","26,740.8","77,109","79,594","106,489","112,000","91,100.0","38,111.5","30,550.0"
53,"33,120.0","38,542.6","54,100.0","41,141.0","84,374.3","82,600.0","28,600","27,040.0","52,700.0","35,864.0","38,000.0","110,100","92,146","75,731","77,000.0","54,600.0","100,900.0","11,750.0","155,500","29,842.9","33,800.0","53,700.0","27,740.8","76,335","78,072","104,445","110,000","90,500.0","38,444.9","29,400.0"
54,"33,680.0","37,988.6","53,600.0","40,753.0","87,100.0","83,700.0","28,350","27,440.0","55,500.0","35,955.0","38,200.0","107,000","90,816","76,406","75,800.0","54,700.0","100,500.0","12,100.0","154,000","29,372.4","32,400.0","53,100.0","28,000.0","80,284","79,137","106,667","106,200","89,900.0","38,500.4","30,700.0"
55,"35,680.0","37,513.8","53,600.0","40,288.0","85,500.0","87,400.0","27,850","27,200.0","54,000.0","35,909.0","38,500.0","105,700","92,346","78,431","77,100.0","55,200.0","100,500.0","11,900.0","152,000","30,918.3","32,200.0","52,800.0","27,555.6","82,064","79,442","104,445","106,600","89,400.0","39,000.4","30,100.0"
56,"36,720.0","38,621.8","54,900.0","41,528.0","85,200.0","88,300.0","28,500","28,640.0","54,300.0","36,182.0","41,150.0","105,000","92,479","79,332","78,300.0","55,400.0","101,200.0","12,700.0","153,900","32,867.5","32,750.0","54,800.0","28,333.3","82,606","80,203","105,333","106,900","90,200.0","39,222.6","30,500.0"
57,"36,240.0","38,780.0","57,100.0","41,838.0","84,700.0","91,400.0","29,900","28,360.0","54,500.0","35,591.0","41,550.0","107,300","91,481","78,656","81,800.0","57,200.0","100,600.0","13,100.0","153,700","32,766.7","32,150.0","54,600.0","28,888.9","81,213","79,518","107,556","107,400","89,500.0","39,833.8","32,200.0"
58,"34,400.0","37,038.9","58,500.0","40,288.0","82,700.0","90,700.0","31,400","27,720.0","52,700.0","35,273.0","39,750.0","104,500","90,550","77,981","83,300.0","56,600.0","99,600.0","12,900.0","155,100","31,691.3","30,700.0","52,400.0","27,555.6","79,742","80,659","109,333","111,800","89,400.0","40,000.4","33,350.0"
59,"32,160.0","35,456.0","57,000.0","37,964.0","80,800.0","88,100.0","29,250","25,840.0","50,000.0","35,045.0","37,300.0","104,000","90,483","76,518","82,300.0","54,700.0","96,000.0","12,100.0","156,800","29,574.0","28,600.0","49,500.0","25,925.9","77,419","80,127","106,489","117,200","89,700.0","39,722.7","31,650.0"
60,"33,960.0","35,970.5","56,400.0","39,126.0","81,700.0","87,400.0","29,300","26,720.0","50,300.0","35,364.0","38,550.0","104,500","90,749","81,145","82,200.0","53,800.0","95,800.0","12,100.0","156,900","31,388.8","29,600.0","50,800.0","26,592.6","78,967","80,735","105,600","115,300","89,100.0","39,889.3","31,700.0"
61,"34,100.0","34,743.8","55,500.0","38,351.0","81,900.0","86,100.0","28,500","26,160.0","51,600.0","35,364.0","37,900.0","103,100","90,017","79,084","83,200.0","52,500.0","95,800.0","11,900.0","160,000","31,590.4","28,900.0","50,100.0","26,111.1","78,813","79,213","103,556","113,800","92,200.0","39,889.3","30,800.0"
62,"34,650.0","35,772.6","57,300.0","40,986.0","83,500.0","87,000.0","29,150","27,560.0","53,100.0","36,800.0","39,400.0","106,000","91,148","80,076","87,400.0","54,000.0","96,900.0","12,050.0","164,100","33,674.1","30,500.0","52,600.0","27,111.1","79,587","80,659","104,889","115,500","92,000.0","39,833.8","31,500.0"
63,"34,100.0","35,535.2","60,000.0","40,676.0","83,800.0","89,500.0","29,750","27,280.0","53,600.0","36,900.0","39,300.0","106,900","91,880","79,313","91,400.0","55,000.0","97,000.0","12,200.0","165,500","35,623.3","30,800.0","52,700.0","26,888.9","78,967","83,627","106,667","115,700","92,500.0","39,389.3","31,950.0"
64,"35,350.0","35,535.2","61,200.0","40,366.0","83,200.0","88,700.0","31,800","27,800.0","53,200.0","36,900.0","39,300.0","106,500","91,747","79,389","92,500.0","54,800.0","96,000.0","12,050.0","168,500","35,623.3","30,100.0","52,300.0","26,666.7","79,587","85,681","108,178","117,000","92,900.0","36,944.8","32,850.0"
65,"34,700.0","35,851.8","60,300.0","39,126.0","83,100.0","91,900.0","32,050","27,040.0","51,800.0","36,900.0","38,700.0","104,200","91,148","79,008","92,000.0","56,000.0","95,100.0","12,050.0","169,000","33,842.1","29,200.0","50,700.0","26,370.4","80,516","83,703","105,867","116,500","91,800.0","37,111.5","32,800.0"
66,"34,900.0","36,326.6","62,000.0","39,126.0","82,600.0","93,900.0","33,950","26,880.0","51,400.0","36,900.0","39,900.0","103,000","92,479","78,015","91,700.0","56,700.0","95,500.0","12,400.0","166,000","34,595.7","29,400.0","50,200.0","26,222.2","80,671","82,942","104,000","116,500","91,000.0","36,667.1","32,850.0"
67,"35,000.0","36,524.5","61,000.0","39,669.0","83,800.0","92,700.0","34,500","27,400.0","52,100.0","37,350.0","40,550.0","106,500","93,810","78,626","92,100.0","56,500.0","98,000.0","12,300.0","171,200","34,595.7","29,650.0","51,000.0","26,296.3","84,000","85,605","104,356","116,000","92,100.0","36,944.8","32,500.0"
68,"34,750.0","35,614.3","59,700.0","38,971.0","85,600.0","93,000.0","34,500","26,920.0","51,200.0","37,350.0","40,650.0","108,700","97,003","83,206","90,500.0","58,600.0","98,100.0","12,500.0","170,000","33,568.1","29,850.0","50,400.0","26,111.1","82,529","85,225","104,356","114,000","90,600.0","36,944.8","31,800.0"
69,"35,650.0","35,614.3","59,900.0","40,211.0","85,400.0","94,900.0","34,350","27,480.0","51,700.0","37,300.0","42,000.0","108,500","97,136","86,641","88,400.0","58,600.0","98,500.0","12,550.0","167,100","33,910.6","30,200.0","50,900.0","26,259.3","83,303","84,844","104,445","115,000","90,600.0","36,667.1","31,500.0"
70,"35,800.0","35,930.9","58,800.0","40,831.0","84,900.0","93,900.0","33,500","27,400.0","51,400.0","36,850.0","41,900.0","106,800","95,806","85,496","86,100.0","56,500.0","98,800.0","12,300.0","170,200","34,184.6","29,750.0","51,100.0","26,481.5","84,929","84,692","103,911","115,100","90,000.0","38,333.7","31,500.0"
71,"36,200.0","35,772.6","58,000.0","41,373.0","84,700.0","95,800.0","34,800","27,400.0","50,600.0","36,200.0","42,000.0","106,500","95,806","87,786","89,000.0","56,000.0","98,100.0","12,150.0","171,900","34,390.2","29,000.0","50,900.0","26,407.4","85,703","85,301","104,445","115,500","88,700.0","38,111.5","32,000.0"
72,"36,350.0","36,049.6","58,300.0","41,683.0","85,200.0","98,000.0","34,950","28,240.0","50,700.0","37,100.0","42,100.0","106,400","95,606","90,916","95,000.0","56,500.0","97,400.0","12,150.0","171,900","36,787.9","29,500.0","51,600.0","26,592.6","87,174","85,301","104,445","115,900","89,700.0","37,889.3","31,600.0"
73,"36,700.0","37,118.0","60,000.0","42,148.0","85,700.0","95,000.0","36,300","28,800.0","52,400.0","37,150.0","43,100.0","108,900","96,804","91,603","94,600.0","57,100.0","98,100.0","12,150.0","171,100","36,924.9","30,200.0","53,600.0","27,888.9","87,174","87,888","103,733","115,500","89,200.0","37,778.2","31,800.0"
74,"36,450.0","37,118.0","59,100.0","41,760.0","88,600.0","93,000.0","35,700","28,720.0","51,800.0","37,500.0","43,450.0","108,500","97,802","92,366","95,900.0","56,200.0","98,600.0","12,050.0","169,600","37,404.4","31,000.0","53,500.0","27,629.6","88,258","90,247","104,889","120,000","91,000.0","37,167.1","31,700.0"
75,"35,700.0","37,395.0","58,400.0","40,831.0","88,000.0","93,000.0","35,000","28,400.0","51,500.0","37,550.0","43,350.0","111,400","101,128","92,366","93,400.0","54,800.0","100,100.0","12,050.0","169,100","37,678.5","30,600.0","52,700.0","27,222.2","90,116","89,790","105,778","121,500","90,400.0","37,611.5","31,750.0"
76,"35,950.0","37,434.6","59,000.0","40,598.0","88,900.0","94,200.0","36,400","29,160.0","52,800.0","37,700.0","43,450.0","113,500","100,529","91,603","95,900.0","55,500.0","100,200.0","12,100.0","167,700","39,391.1","31,000.0","53,300.0","27,555.6","90,116","89,182","105,422","120,700","90,900.0","39,111.5","31,800.0"
77,"36,100.0","37,236.8","59,100.0","40,831.0","91,900.0","96,600.0","36,200","29,760.0","52,300.0","37,600.0","43,450.0","113,900","104,322","90,840","95,900.0","55,400.0","99,500.0","12,000.0","169,200","39,665.1","31,500.0","54,300.0","27,963.0","88,954","89,790","104,445","120,600","90,100.0","40,056.0","31,700.0"
78,"37,950.0","36,920.2","58,300.0","40,366.0","92,700.0","92,000.0","36,300","29,920.0","51,200.0","36,800.0","43,100.0","111,600","110,775","87,786","95,000.0","54,500.0","99,300.0","11,700.0","166,500","38,706.0","32,600.0","58,000.0","29,111.1","87,948","90,171","102,222","118,300","89,200.0","40,389.3","29,500.0"
79,"36,000.0","34,822.9","55,900.0","37,577.0","87,000.0","85,800.0","33,800","28,000.0","48,000.0","36,100.0","40,100.0","109,000","103,124","89,313","94,400.0","51,700.0","99,600.0","11,450.0","164,000","36,034.3","30,350.0","54,000.0","27,074.1","86,709","83,931","99,556","119,300","87,000.0","39,444.9","29,500.0"
80,"36,550.0","36,010.0","54,500.0","39,050.0","90,500.0","91,500.0","34,650","29,200.0","49,900.0","36,700.0","42,100.0","116,000","110,309","90,076","96,200.0","53,200.0","106,500.0","11,400.0","162,500","37,335.9","31,050.0","56,600.0","27,777.8","87,793","89,029","101,333","121,800","89,800.0","39,278.2","30,900.0"
81,"36,200.0","36,247.5","54,900.0","38,600.0","89,800.0","93,000.0","33,950","28,760.0","49,000.0","36,750.0","42,100.0","119,800","114,767","84,580","94,700.0","52,300.0","105,600.0","11,350.0","162,500","37,267.4","30,200.0","56,600.0","27,963.0","85,935","87,508","98,667","120,300","88,400.0","38,500.4","29,900.0"
82,"35,200.0","35,535.2","53,100.0","37,600.0","89,700.0","91,700.0","31,600","28,000.0","47,300.0","36,600.0","41,850.0","116,900","117,428","79,008","94,400.0","50,800.0","105,500.0","10,800.0","160,000","36,034.3","29,100.0","56,600.0","27,407.4","85,006","85,605","96,533","118,900","87,000.0","38,222.6","28,000.0"
83,"32,750.0","33,240.0","50,300.0","35,000.0","86,100.0","88,000.0","29,400","27,040.0","44,950.0","36,200.0","29,800.0","119,900","117,495","80,229","90,900.0","49,650.0","102,100.0","10,150.0","158,800","33,910.6","28,400.0","53,500.0","25,963.0","82,916","82,181","92,445","120,000","86,300.0","35,555.9","27,000.0"
84,"32,900.0","33,556.6","50,700.0","34,600.0","87,000.0","91,500.0","30,000","27,160.0","45,500.0","36,300.0","29,800.0","115,000","116,430","79,924","87,000.0","51,000.0","99,200.0","10,550.0","157,000","35,486.3","28,700.0","53,900.0","25,777.8","80,051","83,322","91,556","119,900","84,300.0","35,555.9","27,850.0"
85,"31,750.0","33,714.9","50,000.0","33,700.0","85,200.0","91,300.0","29,300","26,120.0","45,000.0","36,800.0","28,850.0","116,200","110,775","79,389","87,500.0","50,900.0","96,000.0","10,450.0","160,000","34,938.2","27,400.0","51,000.0","24,444.5","78,813","83,322","91,556","117,000","85,000.0","34,167.0","28,250.0"
86,"32,750.0","33,794.0","50,500.0","35,000.0","85,400.0","90,500.0","30,500","26,560.0","46,500.0","36,350.0","29,300.0","115,000","111,174","79,389","87,200.0","50,900.0","95,100.0","10,700.0","159,900","36,787.9","28,800.0","52,100.0","24,963.0","79,355","83,931","90,667","114,800","85,200.0","35,555.9","28,000.0"
87,"33,600.0","33,635.8","51,000.0","34,650.0","86,800.0","90,000.0","31,350","26,760.0","46,750.0","36,950.0","29,100.0","120,500","111,840","79,847","90,200.0","51,100.0","96,000.0","10,600.0","158,000","36,171.3","28,450.0","51,600.0","25,111.1","79,355","82,942","94,045","115,400","85,900.0","35,833.7","27,700.0"
88,"32,150.0","31,380.2","48,000.0","32,250.0","84,700.0","86,700.0","29,200","25,520.0","44,300.0","37,300.0","27,150.0","119,400","104,122","78,626","87,800.0","49,000.0","91,600.0","10,100.0","154,500","33,773.6","27,500.0","48,000.0","23,370.4","75,096","79,366","91,467","114,000","85,000.0","33,333.7","26,800.0"
89,"33,900.0","32,448.6","49,900.0","33,250.0","86,800.0","89,000.0","30,800","26,720.0","47,300.0","36,900.0","27,900.0","123,000","109,511","79,008","89,900.0","49,350.0","92,000.0","10,300.0","155,000","36,102.8","28,100.0","49,500.0","24,444.5","77,574","81,116","91,556","114,500","85,900.0","33,667.0","26,700.0"
90,"33,800.0","32,211.2","49,500.0","32,850.0","86,600.0","87,400.0","30,200","25,760.0","46,750.0","36,650.0","28,000.0","122,000","108,713","78,702","88,400.0","50,000.0","91,200.0","10,250.0","156,800","35,280.7","27,850.0","50,300.0","24,518.5","76,645","82,181","92,445","114,000","85,300.0","33,500.4","27,400.0"
91,"34,100.0","32,448.6","50,800.0","33,500.0","89,400.0","89,400.0","31,500","25,920.0","47,200.0","39,200.0","28,350.0","122,900","109,910","80,076","90,100.0","50,900.0","93,100.0","10,350.0","156,300","35,760.3","28,000.0","51,100.0","25,074.1","77,651","84,464","94,400","114,000","86,800.0","33,778.1","28,200.0"
92,"33,000.0","31,815.5","50,400.0","32,500.0","90,500.0","88,000.0","31,000","25,880.0","45,800.0","38,400.0","27,750.0","119,000","107,582","78,626","88,600.0","50,200.0","91,000.0","10,500.0","153,600","34,664.2","28,700.0","49,500.0","24,444.5","75,096","81,877","92,445","113,400","87,600.0","32,500.4","27,000.0"
93,"32,700.0","31,657.2","50,600.0","32,150.0","93,700.0","88,300.0","32,500","26,000.0","45,600.0","39,150.0","27,200.0","121,100","106,650","82,061","90,500.0","49,900.0","90,700.0","10,500.0","153,500","34,801.2","28,700.0","49,000.0","24,370.4","74,322","83,399","92,622","114,000","88,900.0","31,500.3","26,750.0"
94,"33,150.0","31,815.5","50,500.0","32,500.0","93,200.0","89,000.0","32,800","26,000.0","46,200.0","39,250.0","27,400.0","125,500","105,120","81,298","89,800.0","50,300.0","90,100.0","10,800.0","154,500","35,623.3","29,100.0","49,750.0","25,259.3","73,548","82,029","92,711","114,900","87,500.0","31,667.0","27,650.0"
95,"33,150.0","32,052.9","50,200.0","32,900.0","92,000.0","89,100.0","32,650","26,320.0","46,700.0","38,750.0","27,600.0","124,500","104,521","79,466","90,900.0","50,500.0","90,100.0","10,600.0","154,500","35,897.3","28,900.0","49,700.0","25,333.3","75,096","81,040","93,511","114,400","86,900.0","31,278.1","27,200.0"
96,"34,150.0","32,448.6","50,400.0","33,900.0","93,400.0","89,500.0","33,150","26,720.0","47,100.0","39,800.0","28,400.0","127,700","108,314","79,389","90,900.0","51,000.0","93,000.0","10,650.0","157,000","36,993.4","29,300.0","50,600.0","25,703.7","75,793","82,105","93,422","114,400","86,800.0","32,055.9","27,350.0"
97,"36,150.0","32,527.7","51,100.0","34,400.0","94,000.0","89,600.0","33,700","26,960.0","47,300.0","40,700.0","28,900.0","134,000","109,178","79,389","92,500.0","51,300.0","95,800.0","10,700.0","159,000","37,404.4","29,900.0","51,100.0","25,925.9","75,871","82,409","95,289","113,000","86,100.0","33,889.3","27,650.0"
98,"35,550.0","33,675.3","52,300.0","33,750.0","95,600.0","93,500.0","33,500","27,360.0","47,250.0","40,300.0","28,800.0","136,200","113,037","79,847","93,600.0","51,500.0","95,600.0","10,750.0","155,100","37,678.5","29,300.0","50,800.0","25,518.5","75,096","82,257","95,556","115,500","86,500.0","33,555.9","27,500.0"
99,"35,800.0","34,308.5","52,700.0","34,100.0","95,800.0","93,000.0","33,700","27,920.0","47,250.0","40,950.0","29,300.0","137,800","113,037","80,534","93,900.0","51,200.0","96,500.0","10,800.0","155,300","38,706.0","29,800.0","51,800.0","25,592.6","76,490","84,388","101,778","116,000","87,100.0","33,778.1","28,300.0"
100,"35,500.0","34,031.5","53,800.0","34,000.0","95,600.0","94,000.0","33,450","28,040.0","47,500.0","40,600.0","29,700.0","136,000","113,104","82,061","93,800.0","52,300.0","96,500.0","10,850.0","157,300","38,911.6","30,650.0","52,000.0","26,000.0","76,258","84,083","101,333","116,200","87,100.0","33,611.5","27,900.0"
101,"36,000.0","33,991.9","53,600.0","34,200.0","96,600.0","93,800.0","34,850","28,400.0","48,800.0","41,000.0","30,000.0","135,000","115,100","82,443","93,800.0","52,400.0","95,800.0","10,800.0","155,700","39,391.1","31,050.0","52,500.0","26,592.6","76,955","84,997","101,333","116,500","86,600.0","34,333.7","27,950.0"
102,"35,550.0","33,952.3","53,800.0","34,150.0","96,600.0","92,400.0","34,200","28,000.0","48,400.0","41,400.0","29,650.0","134,500","114,102","82,061","93,500.0","52,900.0","96,200.0","11,000.0","155,200","38,637.5","30,300.0","51,800.0","26,296.3","75,948","86,671","100,711","117,400","87,200.0","33,667.0","27,950.0"
103,"36,500.0","34,150.2","53,900.0","34,550.0","97,500.0","93,000.0","35,200","28,400.0","49,700.0","42,350.0","29,900.0","141,000","115,632","80,916","93,600.0","52,900.0","96,500.0","11,150.0","155,100","40,624.2","30,700.0","52,500.0","26,592.6","76,103","89,334","100,533","119,500","87,700.0","33,889.3","28,600.0"
104,"36,500.0","34,268.9","53,400.0","34,650.0","97,800.0","96,000.0","35,000","28,440.0","49,400.0","41,900.0","29,650.0","138,500","115,699","79,847","92,900.0","53,800.0","95,800.0","11,250.0","154,100","40,692.7","30,600.0","52,300.0","26,666.7","76,645","89,029","100,445","118,700","89,400.0","33,611.5","28,350.0"
105,"36,000.0","34,110.6","54,200.0","34,300.0","96,100.0","95,500.0","34,100","28,360.0","48,950.0","40,050.0","29,700.0","136,600","116,430","79,313","92,900.0","53,400.0","95,400.0","11,450.0","154,200","39,528.1","30,400.0","52,300.0","27,407.4","77,806","88,269","98,667","118,700","90,900.0","34,000.4","28,000.0"
106,"35,300.0","33,873.2","55,300.0","34,400.0","93,800.0","94,500.0","34,300","28,040.0","48,400.0","40,400.0","29,500.0","134,000","113,104","79,084","92,500.0","53,000.0","94,500.0","11,350.0","153,100","39,528.1","29,600.0","52,000.0","26,963.0","77,342","89,029","98,756","118,700","90,500.0","34,389.3","28,000.0"
107,"35,350.0","33,675.3","54,400.0","34,300.0","95,000.0","93,000.0","34,800","27,800.0","48,650.0","41,800.0","29,600.0","133,500","113,769","79,008","91,600.0","52,900.0","94,500.0","11,300.0","151,800","40,418.7","29,700.0","52,200.0","26,963.0","77,109","91,312","98,578","118,000","89,900.0","35,333.7","28,000.0"
108,"35,700.0","34,268.9","54,200.0","35,100.0","94,600.0","94,200.0","37,200","28,600.0","49,450.0","41,700.0","31,000.0","133,500","113,170","79,237","91,700.0","52,100.0","94,500.0","11,450.0","151,600","42,542.4","30,300.0","54,000.0","27,481.5","77,884","88,269","98,311","117,300","89,500.0","36,444.8","28,500.0"
109,"35,600.0","33,991.9","53,600.0","34,600.0","93,800.0","92,400.0","37,500","28,600.0","50,400.0","41,200.0","31,200.0","132,500","113,037","78,779","91,200.0","51,600.0","95,500.0","11,350.0","145,500","41,994.3","30,150.0","53,300.0","27,666.7","78,193","84,464","98,900","117,300","89,300.0","36,167.1","28,050.0"
110,"35,550.0","33,754.5","54,700.0","34,500.0","94,000.0","92,600.0","37,550","28,480.0","50,400.0","41,500.0","31,100.0","134,500","114,767","78,626","89,000.0","51,600.0","94,700.0","11,400.0","146,000","41,240.8","29,950.0","52,800.0","27,592.6","78,193","83,703","97,900","118,000","90,000.0","35,555.9","27,800.0"
111,"35,300.0","33,635.8","55,000.0","34,300.0","94,500.0","90,900.0","38,800","28,800.0","50,900.0","41,550.0","31,100.0","136,300","114,767","80,076","88,300.0","51,500.0","94,000.0","11,350.0","148,000","42,953.4","29,950.0","53,000.0","27,185.2","79,587","84,464","104,000","120,000","90,300.0","35,889.3","27,950.0"
112,"33,600.0","32,052.9","53,400.0","32,700.0","92,800.0","87,500.0","36,350","27,600.0","49,000.0","39,400.0","29,900.0","133,800","109,112","79,160","85,100.0","49,600.0","91,500.0","10,900.0","143,000","42,816.4","28,300.0","50,500.0","25,925.9","77,496","82,257","97,700","119,800","87,800.0","34,722.6","27,050.0"
113,"32,000.0","31,103.2","52,000.0","32,700.0","91,000.0","85,800.0","34,200","26,880.0","47,500.0","38,000.0","28,600.0","127,000","105,187","80,076","82,200.0","48,500.0","88,500.0","10,550.0","140,000","43,433.0","27,000.0","48,750.0","25,037.0","75,329","81,572","96,200","120,300","86,000.0","33,667.0","26,050.0"
114,"32,300.0","31,182.3","52,600.0","32,750.0","91,900.0","86,000.0","34,000","26,960.0","47,750.0","38,000.0","28,550.0","128,500","106,783","80,534","86,000.0","48,800.0","88,300.0","10,550.0","142,400","41,925.8","27,250.0","49,000.0","25,222.2","75,096","81,648","95,400","122,800","86,300.0","33,889.3","26,150.0"
115,"32,450.0","31,221.9","52,700.0","32,150.0","91,900.0","87,300.0","35,200","27,040.0","48,400.0","38,400.0","28,600.0","135,000","107,449","80,534","86,800.0","49,550.0","89,000.0","11,250.0","147,200","42,473.9","27,350.0","49,150.0","25,851.9","75,484","81,420","94,600","127,000","86,900.0","34,111.5","26,300.0"
116,"31,950.0","30,549.2","52,600.0","31,200.0","91,400.0","86,300.0","35,500","26,850.0","47,700.0","38,150.0","28,100.0","134,000","107,781","79,160","83,500.0","48,700.0","86,200.0","11,350.0","147,600","41,857.3","27,100.0","48,300.0","25,259.3","74,942","81,116","93,100","125,800","87,000.0","33,778.1","26,450.0"
117,"31,750.0","30,628.3","53,400.0","31,150.0","92,000.0","87,000.0","37,400","26,500.0","47,600.0","39,150.0","28,000.0","135,900","109,445","79,237","85,000.0","49,500.0","85,800.0","11,900.0","148,500","41,925.8","27,300.0","48,050.0","25,185.2","75,716","81,344","94,800","126,800","87,000.0","34,000.4","26,800.0"
118,"32,150.0","31,221.9","55,000.0","32,300.0","92,200.0","87,500.0","37,600","26,700.0","48,700.0","39,500.0","28,400.0","132,600","110,600","79,389","85,500.0","49,550.0","86,400.0","11,950.0","147,200","42,747.9","27,900.0","49,200.0","25,666.7","76,877","81,344","94,100","126,900","87,400.0","34,222.6","27,200.0"
119,"32,000.0","30,826.2","57,000.0","31,800.0","92,400.0","89,400.0","38,750","25,950.0","49,300.0","39,750.0","27,900.0","135,000","111,000","79,695","87,900.0","49,700.0","86,000.0","11,850.0","150,000","42,336.9","27,350.0","48,500.0","25,259.3","76,955","80,964","94,100","126,500","87,400.0","34,222.6","27,300.0"
120,"32,000.0","30,865.7","56,800.0","32,050.0","92,400.0","88,600.0","40,100","25,650.0","49,200.0","39,300.0","27,900.0","133,300","110,200","79,924","85,700.0","50,800.0","85,300.0","12,450.0","148,700","41,925.8","27,200.0","48,300.0","25,333.3","76,955","81,420","94,100","125,500","88,100.0","34,167.0","27,900.0"
121,"32,050.0","30,944.9","56,400.0","32,050.0","94,900.0","90,400.0","39,300","26,350.0","51,200.0","40,950.0","28,300.0","131,100","111,000","80,000","86,000.0","51,100.0","86,500.0","12,400.0","149,200","41,103.8","27,550.0","48,950.0","25,777.8","77,419","82,485","95,000","125,700","88,300.0","33,944.8","28,100.0"
122,"32,500.0","31,419.7","55,300.0","32,650.0","93,500.0","88,700.0","38,850","26,700.0","50,700.0","40,600.0","28,600.0","129,800","110,300","80,000","83,000.0","50,400.0","86,200.0","12,050.0","148,700","41,377.8","27,900.0","49,650.0","26,963.0","77,419","83,399","93,900","124,600","86,300.0","35,278.2","27,200.0"
123,"32,150.0","31,340.6","54,200.0","32,150.0","93,100.0","87,800.0","39,000","26,750.0","51,300.0","40,000.0","28,300.0","128,000","111,400","79,389","84,200.0","49,300.0","86,200.0","11,900.0","149,900","44,250.0","27,300.0","48,800.0","26,740.8","77,187","82,105","92,000","124,600","85,400.0","34,444.8","27,100.0"
124,"32,450.0","31,498.9","54,900.0","32,400.0","93,200.0","88,600.0","39,950","26,400.0","51,900.0","40,500.0","28,400.0","131,000","118,900","78,779","82,400.0","50,600.0","90,500.0","12,100.0","148,800","43,950.0","27,350.0","49,300.0","28,000.0","76,877","81,953","91,300","129,000","85,200.0","35,222.6","27,450.0"
125,"32,300.0","31,380.2","56,000.0","32,300.0","93,500.0","88,600.0","39,300","25,900.0","51,500.0","40,550.0","28,200.0","130,000","118,900","78,855","82,300.0","50,500.0","94,000.0","12,100.0","151,400","43,800.0","27,200.0","49,300.0","27,703.7","76,800","81,801","91,300","129,800","86,500.0","35,889.3","28,000.0"
126,"31,900.0","30,984.5","54,600.0","31,850.0","93,000.0","88,600.0","37,700","25,200.0","50,800.0","41,250.0","27,900.0","130,600","125,000","78,626","80,500.0","50,300.0","92,000.0","11,850.0","161,500","43,600.0","26,900.0","48,950.0","28,222.2","75,948","81,420","92,000","128,000","87,200.0","36,000.4","27,900.0"
127,"31,500.0","30,628.3","54,000.0","31,200.0","93,800.0","89,000.0","38,000","24,800.0","50,300.0","41,250.0","27,600.0","135,500","124,500","78,626","80,500.0","50,100.0","89,000.0","11,500.0","166,000","42,500.0","26,650.0","48,500.0","27,851.9","76,103","81,420","92,000","125,800","87,000.0","35,500.4","28,300.0"
128,"31,200.0","30,707.5","54,100.0","31,150.0","94,100.0","91,500.0","38,500","24,750.0","51,600.0","41,200.0","27,450.0","144,900","124,600","78,702","81,700.0","50,900.0","91,900.0","11,800.0","166,000","42,900.0","26,600.0","48,400.0","28,333.3","75,174","81,900","91,400","126,000","86,100.0","35,500.4","28,550.0"
129,"31,300.0","31,182.3","54,500.0","31,650.0","94,700.0","92,600.0","38,400","25,100.0","51,300.0","42,700.0","27,800.0","149,800","123,600","78,702","81,800.0","51,000.0","93,000.0","11,800.0","161,000","42,500.0","26,750.0","49,100.0","28,629.6","75,948","80,100","87,800","126,000","86,400.0","36,111.5","30,000.0"
130,"31,600.0","31,657.2","53,600.0","31,800.0","95,700.0","91,900.0","38,550","25,450.0","51,800.0","42,000.0","27,850.0","146,000","123,000","78,779","80,000.0","50,700.0","92,500.0","11,750.0","161,000","43,000.0","26,800.0","49,750.0","30,222.2","75,251","81,200","86,800","124,900","86,500.0","37,222.6","29,200.0"
131,"32,100.0","31,578.0","53,900.0","31,850.0","94,400.0","88,800.0","37,400","25,700.0","51,300.0","42,200.0","28,250.0","143,000","123,000","78,626","82,900.0","50,000.0","91,000.0","11,750.0","158,300","42,800.0","27,100.0","50,700.0","29,703.7","77,109","79,900","86,700","124,200","88,700.0","37,500.4","29,300.0"
132,"31,800.0","31,380.2","55,700.0","31,500.0","93,500.0","88,200.0","36,400","25,550.0","50,800.0","41,750.0","28,000.0","143,500","123,800","78,626","81,600.0","49,600.0","90,100.0","11,650.0","158,000","42,100.0","26,800.0","50,400.0","29,629.6","75,871","77,500","85,600","123,500","88,800.0","37,167.1","28,400.0"
133,"31,600.0","31,340.6","59,000.0","31,350.0","93,200.0","88,400.0","37,000","25,450.0","50,900.0","42,000.0","28,000.0","147,000","125,700","78,702","81,000.0","50,100.0","93,100.0","11,800.0","158,000","41,800.0","26,700.0","50,500.0","29,703.7","77,032","78,000","86,100","123,300","91,500.0","37,111.5","28,450.0"
134,"31,600.0","31,221.9","57,800.0","31,600.0","93,100.0","90,600.0","37,200","25,400.0","51,000.0","42,000.0","27,900.0","145,000","132,000","78,626","80,600.0","50,200.0","92,200.0","11,750.0","158,200","41,900.0","26,600.0","50,200.0","30,777.8","77,032","79,300","87,100","123,700","90,800.0","37,222.6","28,900.0"
135,"32,000.0","31,419.7","58,800.0","31,700.0","92,700.0","91,000.0","37,000","25,500.0","50,800.0","42,000.0","28,700.0","142,400","130,500","78,626","80,300.0","50,000.0","92,000.0","11,600.0","160,000","41,800.0","26,750.0","50,600.0","30,814.8","77,032","79,600","87,000","125,000","90,700.0","37,222.6","28,500.0"
136,"31,500.0","31,182.3","56,500.0","31,000.0","92,100.0","90,000.0","35,600","25,500.0","50,800.0","41,350.0","28,000.0","135,000","126,000","78,168","80,300.0","50,100.0","91,000.0","11,550.0","159,000","40,000.0","26,500.0","49,500.0","29,629.6","75,871","78,200","86,100","129,000","88,800.0","37,222.6","28,250.0"
137,"31,600.0","31,736.3","58,700.0","30,950.0","93,000.0","95,100.0","35,800","25,450.0","52,600.0","41,600.0","28,000.0","136,000","126,700","78,321","81,300.0","51,100.0","93,000.0","11,750.0","157,100","40,600.0","26,550.0","49,800.0","30,148.2","76,800","78,500","86,500","129,000","89,300.0","37,111.5","28,500.0"
138,"31,350.0","31,578.0","58,000.0","30,400.0","93,200.0","96,800.0","36,000","25,400.0","53,300.0","41,600.0","27,800.0","141,000","127,800","77,863","81,200.0","52,000.0","93,300.0","12,200.0","156,800","40,100.0","25,800.0","49,400.0","30,666.7","76,258","78,200","86,700","128,500","89,600.0","36,667.1","28,300.0"
139,"31,550.0","31,221.9","58,400.0","30,400.0","93,000.0","97,000.0","35,900","25,400.0","52,900.0","41,600.0","27,850.0","142,600","127,800","77,863","81,800.0","51,600.0","98,700.0","11,950.0","156,400","40,650.0","25,700.0","49,600.0","30,814.8","75,251","78,300","88,000","127,900","89,600.0","36,611.5","29,100.0"
140,"31,500.0","30,707.5","57,900.0","29,750.0","92,900.0","103,500.0","36,100","24,850.0","53,400.0","41,300.0","27,450.0","140,000","126,200","77,863","84,000.0","51,900.0","99,000.0","12,200.0","154,200","39,200.0","24,700.0","49,000.0","31,555.6","74,245","77,000","87,700","128,800","89,800.0","35,500.4","28,200.0"
141,"31,000.0","30,786.6","59,500.0","28,700.0","94,600.0","104,000.0","37,100","24,100.0","55,500.0","41,100.0","27,100.0","141,200","126,200","77,863","85,300.0","53,800.0","98,800.0","12,650.0","155,000","38,600.0","24,300.0","48,350.0","31,111.1","73,238","78,000","87,800","131,800","90,200.0","35,000.4","28,250.0"
142,"31,500.0","31,103.2","59,900.0","29,500.0","94,400.0","109,000.0","37,500","24,500.0","55,300.0","41,550.0","27,400.0","141,200","126,800","79,695","84,000.0","53,900.0","97,000.0","12,750.0","160,500","40,400.0","25,750.0","49,100.0","31,481.5","74,013","79,400","88,600","130,800","89,600.0","34,778.2","28,450.0"
143,"31,350.0","31,182.3","61,000.0","29,300.0","94,400.0","113,500.0","37,850","24,250.0","56,100.0","42,000.0","27,500.0","142,200","128,300","80,153","84,300.0","53,900.0","98,100.0","12,850.0","158,400","39,950.0","25,500.0","50,300.0","31,333.3","74,013","80,500","88,600","129,400","89,300.0","34,222.6","29,400.0"
144,"31,200.0","30,984.5","61,900.0","29,350.0","94,300.0","111,000.0","38,200","24,100.0","55,600.0","42,350.0","27,650.0","141,700","128,000","79,466","85,400.0","54,000.0","97,000.0","12,650.0","158,600","40,700.0","25,500.0","50,000.0","31,111.1","74,942","80,000","88,800","128,800","88,800.0","35,650.0","29,300.0"
145,"31,450.0","31,024.0","61,200.0","29,450.0","98,900.0","112,400.0","37,650","24,350.0","55,700.0","43,550.0","27,700.0","145,500","128,800","79,771","87,000.0","53,900.0","99,500.0","12,450.0","162,700","40,850.0","25,700.0","50,700.0","31,222.2","75,096","79,900","89,300","128,900","89,600.0","35,900.0","29,150.0"
146,"32,600.0","31,657.2","62,000.0","31,000.0","99,200.0","112,500.0","37,800","25,650.0","57,200.0","43,650.0","28,800.0","147,000","129,500","79,389","88,800.0","54,900.0","102,000.0","12,400.0","163,000","41,900.0","26,500.0","53,000.0","31,925.9","75,484","81,000","91,900","132,500","90,000.0","36,800.0","30,450.0"
147,"32,600.0","31,855.0","61,900.0","30,800.0","99,000.0","112,000.0","37,800","25,550.0","57,000.0","43,550.0","28,750.0","145,500","132,100","78,626","88,500.0","55,000.0","100,000.0","12,700.0","163,000","41,400.0","26,600.0","53,000.0","31,629.6","75,096","80,900","92,900","132,500","90,400.0","36,700.0","30,800.0"
148,"32,600.0","31,578.0","60,000.0","30,700.0","99,400.0","111,000.0","37,500","25,700.0","56,800.0","43,550.0","28,600.0","143,100","133,900","78,321","90,600.0","53,800.0","101,000.0","12,500.0","161,000","41,000.0","26,250.0","52,400.0","31,407.4","75,096","80,000","93,100","133,900","90,100.0","36,850.0","30,400.0"
149,"32,300.0","31,301.0","59,900.0","30,600.0","98,800.0","111,300.0","38,400","25,950.0","56,800.0","43,800.0","28,500.0","142,100","133,500","78,092","93,000.0","53,900.0","101,000.0","12,500.0","160,000","41,000.0","26,400.0","52,500.0","31,333.3","74,864","78,900","92,500","134,400","90,000.0","36,950.0","30,700.0"
150,"32,200.0","31,261.5","59,800.0","30,650.0","98,900.0","112,000.0","38,200","25,650.0","57,300.0","43,850.0","28,400.0","141,000","132,400","77,863","91,300.0","53,600.0","100,500.0","12,300.0","162,800","40,750.0","26,850.0","52,600.0","32,259.3","74,709","78,700","92,600","131,700","90,000.0","37,500.0","30,500.0"
151,"32,000.0","31,103.2","59,600.0","30,200.0","99,000.0","116,500.0","37,850","25,700.0","57,900.0","44,300.0","28,400.0","143,000","130,700","77,634","94,000.0","54,400.0","99,000.0","12,350.0","160,000","40,850.0","26,900.0","52,900.0","32,592.6","74,322","78,900","92,600","131,200","89,800.0","38,400.0","30,800.0"
152,"32,300.0","31,696.7","61,400.0","30,300.0","98,600.0","114,500.0","37,500","25,450.0","57,200.0","44,550.0","28,200.0","141,000","129,700","78,321","93,500.0","54,800.0","98,000.0","12,300.0","158,500","40,900.0","26,200.0","52,700.0","32,518.5","74,632","79,400","92,400","135,200","90,300.0","38,500.0","30,300.0"
153,"32,300.0","31,459.3","60,500.0","30,000.0","97,600.0","114,500.0","37,500","25,050.0","56,900.0","44,300.0","28,200.0","143,100","129,200","78,092","96,400.0","53,900.0","99,000.0","12,300.0","155,200","40,300.0","26,300.0","53,200.0","32,666.7","73,548","78,800","92,300","135,900","90,000.0","38,300.0","30,950.0"
154,"31,750.0","31,261.5","60,000.0","29,750.0","96,700.0","112,200.0","37,100","24,600.0","57,200.0","44,900.0","27,900.0","140,200","127,000","77,863","96,700.0","53,500.0","98,000.0","12,050.0","152,000","39,700.0","26,100.0","52,900.0","32,370.4","72,774","77,900","91,000","131,800","89,100.0","37,550.0","30,600.0"
155,"31,600.0","31,103.2","60,300.0","29,650.0","96,200.0","112,100.0","38,300","24,550.0","56,700.0","45,550.0","27,900.0","140,100","127,600","78,855","99,000.0","52,900.0","99,000.0","12,100.0","156,500","39,200.0","26,200.0","52,300.0","32,000.0","73,006","78,000","91,800","131,800","90,500.0","37,200.0","30,650.0"
156,"31,250.0","31,024.0","64,500.0","29,900.0","94,900.0","112,000.0","39,300","24,500.0","55,100.0","46,600.0","27,600.0","140,400","128,400","79,237","98,000.0","54,100.0","99,100.0","12,250.0","156,700","38,300.0","25,600.0","50,900.0","31,111.1","72,851","78,500","92,100","131,800","90,100.0","37,000.0","30,400.0"
157,"31,100.0","31,024.0","64,300.0","29,900.0","96,900.0","113,800.0","39,450","24,700.0","56,300.0","46,050.0","27,950.0","139,600","128,000","78,855","96,300.0","54,600.0","98,300.0","12,350.0","155,400","38,800.0","25,600.0","51,000.0","31,481.5","72,774","78,700","92,200","132,500","89,600.0","37,050.0","30,600.0"
158,"31,400.0","31,578.0","64,900.0","31,100.0","98,200.0","121,700.0","40,000","25,200.0","57,900.0","48,000.0","28,400.0","146,800","132,000","79,313","97,100.0","55,300.0","101,900.0","12,400.0","159,900","40,400.0","26,500.0","51,500.0","32,074.1","74,400","81,000","95,000","134,000","90,400.0","37,950.0","31,200.0"
159,"31,850.0","31,538.5","65,600.0","31,300.0","98,000.0","125,000.0","40,050","25,550.0","58,000.0","49,500.0","28,500.0","151,700","132,000","82,290","95,300.0","54,800.0","101,600.0","12,750.0","164,600","40,800.0","26,700.0","51,800.0","32,888.9","75,793","81,000","95,000","133,500","90,600.0","38,600.0","31,000.0"
160,"33,000.0","32,844.3","64,700.0","31,500.0","96,900.0","124,500.0","39,800","25,250.0","57,100.0","51,000.0","28,500.0","150,900","131,400","83,435","96,000.0","54,100.0","104,000.0","12,650.0","160,500","40,500.0","26,600.0","51,600.0","33,222.2","75,871","85,500","95,800","132,000","90,700.0","38,050.0","31,200.0"
161,"32,700.0","33,081.7","64,100.0","32,200.0","95,800.0","121,300.0","39,350","25,300.0","55,700.0","49,000.0","28,400.0","145,500","130,000","83,664","93,100.0","53,900.0","101,100.0","13,100.0","162,000","41,400.0","26,600.0","51,600.0","32,148.2","75,096","84,300","95,800","130,000","90,000.0","37,550.0","31,150.0"
162,"33,150.0","33,200.5","64,800.0","32,400.0","96,100.0","121,600.0","42,100","25,600.0","55,500.0","50,400.0","28,400.0","145,500","128,900","82,519","95,300.0","54,300.0","105,000.0","12,850.0","165,200","42,350.0","26,650.0","51,600.0","32,444.5","75,793","85,000","95,800","132,000","89,200.0","37,550.0","30,850.0"
163,"33,850.0","34,071.0","63,500.0","33,000.0","96,100.0","120,000.0","39,300","27,200.0","55,600.0","47,200.0","29,150.0","145,500","128,800","80,305","93,500.0","53,000.0","104,500.0","12,600.0","172,600","41,700.0","27,900.0","53,700.0","32,740.8","76,413","82,900","95,300","129,800","88,200.0","38,400.0","31,700.0"
164,"33,500.0","34,822.9","63,500.0","32,600.0","96,000.0","117,100.0","39,950","27,050.0","56,300.0","47,450.0","28,900.0","147,900","129,900","79,389","93,700.0","52,700.0","104,000.0","12,650.0","171,800","43,000.0","27,450.0","53,300.0","32,407.4","76,180","82,700","95,000","129,600","88,400.0","38,000.0","31,550.0"
165,"33,500.0","34,506.3","64,000.0","32,700.0","97,600.0","122,400.0","40,100","26,700.0","56,600.0","48,200.0","28,650.0","147,800","132,000","80,153","94,900.0","53,900.0","108,000.0","13,000.0","172,000","42,900.0","27,650.0","53,000.0","32,222.2","75,484","82,000","95,000","130,000","89,200.0","37,950.0","31,200.0"
166,"33,400.0","34,743.8","63,500.0","32,800.0","97,400.0","123,000.0","40,700","27,000.0","56,800.0","48,050.0","28,500.0","152,000","131,600","79,847","93,100.0","54,700.0","108,000.0","13,100.0","173,700","44,500.0","27,850.0","52,600.0","32,444.5","76,025","82,400","94,900","131,800","90,800.0","37,550.0","30,850.0"
167,"33,450.0","34,031.5","64,800.0","32,950.0","96,400.0","119,200.0","40,600","27,700.0","56,500.0","48,400.0","28,600.0","147,800","130,000","78,626","92,300.0","54,500.0","106,000.0","12,850.0","174,000","44,300.0","28,100.0","52,300.0","32,148.2","75,174","83,000","94,900","131,000","89,800.0","37,050.0","30,400.0"
168,"33,400.0","34,031.5","64,500.0","32,500.0","97,000.0","120,400.0","41,100","28,000.0","55,300.0","48,300.0","28,600.0","147,700","131,500","79,389","89,200.0","58,300.0","103,000.0","13,100.0","174,000","44,700.0","28,450.0","51,700.0","32,592.6","75,561","82,600","94,900","129,700","89,700.0","36,700.0","30,900.0"
169,"33,000.0","33,873.2","63,200.0","31,950.0","96,000.0","119,000.0","41,900","27,700.0","54,000.0","49,800.0","28,100.0","146,900","135,000","80,534","91,900.0","59,800.0","104,500.0","12,900.0","172,000","44,150.0","27,700.0","51,500.0","31,851.9","76,103","81,500","94,800","128,600","89,600.0","36,500.0","30,300.0"
170,"33,350.0","34,189.8","62,800.0","32,700.0","98,000.0","118,100.0","41,400","28,000.0","54,600.0","49,500.0","28,550.0","149,600","136,000","80,916","91,400.0","60,000.0","109,900.0","12,950.0","172,000","44,600.0","28,100.0","52,500.0","32,222.2","76,025","82,000","94,500","128,600","89,300.0","36,750.0","30,100.0"
171,"33,400.0","33,873.2","62,700.0","32,500.0","97,300.0","118,900.0","40,500","28,850.0","53,600.0","49,300.0","28,600.0","154,000","139,400","79,084","91,000.0","60,100.0","110,800.0","13,850.0","170,000","45,800.0","27,950.0","52,000.0","32,555.6","75,638","84,000","95,000","127,000","89,000.0","36,150.0","30,200.0"
172,"33,150.0","33,873.2","64,600.0","32,400.0","98,300.0","116,700.0","39,350","27,900.0","52,000.0","48,250.0","28,650.0","152,000","137,900","78,702","90,500.0","58,800.0","108,000.0","14,050.0","170,600","44,750.0","28,050.0","52,000.0","32,370.4","75,251","83,000","94,800","127,900","88,600.0","36,150.0","30,050.0"
173,"33,300.0","34,506.3","64,200.0","32,250.0","98,300.0","117,400.0","40,000","27,800.0","51,400.0","48,300.0","28,700.0","150,500","137,900","78,779","90,000.0","62,100.0","106,400.0","14,150.0","170,500","45,850.0","28,000.0","52,200.0","32,037.0","75,871","83,500","96,300","127,900","88,800.0","36,150.0","30,450.0"
174,"32,500.0","35,218.6","64,200.0","32,150.0","96,500.0","113,800.0","39,850","28,250.0","49,950.0","47,600.0","28,300.0","148,000","139,000","78,397","89,600.0","61,000.0","106,200.0","14,650.0","168,200","49,050.0","27,650.0","51,500.0","31,814.8","75,096","82,800","94,500","126,500","88,000.0","35,400.0","31,100.0"
175,"33,450.0","35,139.5","61,100.0","32,800.0","95,300.0","106,000.0","37,700","30,200.0","48,000.0","45,900.0","28,300.0","147,400","139,000","78,015","90,700.0","59,400.0","102,300.0","13,950.0","167,100","48,500.0","27,900.0","52,300.0","32,222.2","75,174","80,500","94,800","127,800","86,100.0","36,200.0","30,500.0"
176,"34,150.0","36,049.6","60,200.0","34,500.0","95,000.0","102,100.0","35,600","32,300.0","48,650.0","43,000.0","29,200.0","149,900","138,600","77,939","90,900.0","55,900.0","104,000.0","13,050.0","168,000","48,600.0","28,800.0","53,100.0","34,444.5","76,490","81,000","94,800","128,000","86,200.0","36,700.0","29,900.0"
177,"33,950.0","35,376.9","62,400.0","34,100.0","96,600.0","104,600.0","37,500","31,800.0","49,550.0","45,500.0","28,900.0","156,500","143,000","81,069","90,700.0","57,000.0","105,700.0","13,800.0","168,000","52,000.0","28,500.0","52,600.0","36,074.1","76,722","82,500","94,800","132,000","86,300.0","36,250.0","30,150.0"
178,"35,350.0","36,445.3","62,800.0","35,400.0","97,900.0","103,000.0","37,200","33,500.0","48,650.0","46,900.0","30,900.0","157,000","144,000","81,221","90,400.0","57,000.0","105,700.0","13,600.0","168,000","53,200.0","30,450.0","55,500.0","36,370.4","81,135","83,700","94,100","132,200","87,500.0","37,300.0","31,100.0"
179,"35,150.0","35,891.3","63,100.0","35,150.0","100,000.0","103,900.0","37,800","32,500.0","49,250.0","46,700.0","30,900.0","157,500","145,000","83,206","94,200.0","58,000.0","104,100.0","13,850.0","165,000","55,000.0","30,650.0","54,900.0","36,444.5","82,916","83,900","94,000","132,000","87,500.0","38,000.0","30,850.0"
180,"34,600.0","35,970.5","62,200.0","34,300.0","98,900.0","102,000.0","36,950","31,350.0","49,050.0","46,350.0","30,300.0","157,500","141,500","84,504","95,800.0","56,800.0","101,500.0","13,550.0","160,200","53,500.0","30,850.0","54,000.0","35,185.2","81,290","83,300","98,500","129,500","88,300.0","39,200.0","30,400.0"
181,"34,150.0","35,218.6","62,000.0","34,250.0","98,100.0","99,400.0","36,800","31,500.0","48,400.0","45,700.0","29,800.0","152,500","137,500","84,122","94,000.0","54,900.0","98,100.0","13,450.0","156,100","55,300.0","29,900.0","52,300.0","34,963.0","78,271","84,800","105,300","125,000","87,500.0","38,400.0","30,150.0"
182,"33,300.0","35,139.5","61,000.0","33,550.0","97,100.0","98,300.0","38,800","30,500.0","48,950.0","46,450.0","29,000.0","149,200","138,900","83,969","93,600.0","54,100.0","97,900.0","13,500.0","154,000","55,900.0","28,900.0","51,800.0","33,407.4","76,567","84,600","105,000","122,500","87,600.0","37,700.0","29,800.0"
183,"33,500.0","35,060.3","61,100.0","34,000.0","98,200.0","98,500.0","38,500","32,000.0","49,000.0","46,000.0","29,500.0","149,900","138,900","87,023","93,000.0","54,300.0","97,300.0","14,000.0","156,500","55,200.0","29,900.0","52,400.0","35,740.8","76,645","82,900","106,000","120,000","87,500.0","37,900.0","29,700.0"
184,"33,200.0","34,981.2","60,600.0","33,800.0","97,200.0","98,400.0","38,650","31,500.0","48,600.0","46,300.0","29,100.0","152,000","137,000","87,252","94,800.0","55,500.0","97,400.0","14,150.0","159,000","54,000.0","29,300.0","51,700.0","35,851.9","76,722","82,300","107,200","120,400","87,400.0","37,000.0","29,650.0"
185,"32,550.0","33,240.0","57,800.0","33,000.0","95,500.0","96,600.0","36,500","31,000.0","47,700.0","46,050.0","28,300.0","151,000","133,500","84,733","94,900.0","53,300.0","94,000.0","13,550.0","157,000","50,500.0","28,000.0","50,200.0","34,814.8","75,871","80,200","105,500","120,400","85,800.0","35,700.0","28,100.0"
186,"32,300.0","33,200.5","57,500.0","32,100.0","94,500.0","92,000.0","36,000","29,100.0","45,750.0","43,300.0","27,500.0","151,000","131,400","84,733","95,600.0","51,700.0","91,200.0","13,900.0","151,600","51,000.0","27,000.0","49,000.0","34,814.8","73,858","79,700","105,600","120,500","85,300.0","35,500.0","28,000.0"
187,"32,950.0","34,506.3","58,400.0","32,700.0","96,000.0","96,500.0","36,600","30,000.0","47,600.0","45,300.0","28,150.0","151,900","133,500","85,954","97,800.0","53,500.0","93,800.0","14,850.0","153,000","52,200.0","28,050.0","50,000.0","35,407.4","76,025","81,600","106,700","123,000","86,500.0","35,650.0","29,950.0"
188,"33,100.0","34,822.9","57,700.0","33,000.0","95,600.0","98,200.0","37,000","30,300.0","47,200.0","45,800.0","28,400.0","151,100","133,900","86,947","98,600.0","53,800.0","96,600.0","15,100.0","152,900","51,800.0","28,600.0","50,000.0","37,851.9","76,413","81,000","105,900","121,400","86,000.0","35,750.0","30,100.0"
189,"33,300.0","34,822.9","57,800.0","33,750.0","97,000.0","98,700.0","37,350","30,750.0","47,100.0","48,100.0","28,550.0","154,000","134,000","87,786","98,800.0","54,100.0","98,500.0","15,450.0","152,500","53,800.0","28,850.0","50,400.0","37,925.9","76,800","81,600","107,000","123,500","87,000.0","35,600.0","30,450.0"
190,"33,400.0","35,297.8","58,800.0","33,550.0","95,800.0","96,600.0","37,500","30,700.0","46,500.0","47,800.0","28,350.0","153,700","134,100","86,260","98,700.0","53,300.0","97,300.0","16,250.0","152,300","53,000.0","28,600.0","50,200.0","38,518.5","77,419","80,900","103,100","124,500","86,300.0","35,800.0","30,350.0"
191,"33,400.0","36,010.0","59,200.0","33,500.0","96,000.0","98,000.0","38,500","30,050.0","46,550.0","49,600.0","28,400.0","156,000","134,900","85,573","98,300.0","53,700.0","98,500.0","16,200.0","152,300","53,400.0","28,650.0","50,000.0","37,407.4","77,109","82,100","103,200","125,800","86,400.0","35,400.0","30,450.0"
192,"33,300.0","35,851.8","58,500.0","32,400.0","95,700.0","98,200.0","38,150","29,600.0","47,700.0","48,500.0","28,250.0","157,000","135,400","86,336","92,500.0","54,500.0","96,200.0","16,600.0","152,800","52,700.0","28,100.0","50,100.0","37,407.4","76,877","82,100","102,500","124,000","86,300.0","35,000.0","30,200.0"
193,"33,400.0","35,535.2","58,200.0","32,250.0","95,900.0","97,700.0","37,750","30,050.0","47,800.0","48,200.0","28,500.0","161,000","135,900","87,786","94,000.0","54,600.0","96,000.0","16,100.0","152,500","51,700.0","28,350.0","50,200.0","38,518.5","77,342","82,600","100,000","124,000","86,300.0","34,650.0","30,400.0"
194,"33,000.0","35,535.2","58,000.0","32,500.0","95,500.0","98,600.0","37,850","29,700.0","47,500.0","48,400.0","28,250.0","160,000","133,600","87,786","97,700.0","54,900.0","93,700.0","17,200.0","151,000","50,900.0","28,600.0","49,850.0","37,925.9","76,722","82,300","100,000","122,800","86,600.0","33,700.0","30,100.0"
195,"33,200.0","35,535.2","57,600.0","32,950.0","96,400.0","99,000.0","38,250","29,500.0","46,700.0","50,400.0","28,200.0","157,500","134,500","87,939","95,500.0","54,300.0","95,500.0","17,100.0","150,000","52,500.0","28,300.0","49,850.0","38,000.0","74,709","84,500","102,000","122,500","85,700.0","33,800.0","30,800.0"
196,"33,100.0","35,297.8","56,600.0","32,450.0","95,800.0","96,700.0","37,600","29,600.0","46,900.0","50,000.0","27,900.0","162,000","133,000","88,015","95,500.0","53,000.0","94,200.0","18,250.0","149,000","53,500.0","28,650.0","49,500.0","39,800.0","77,032","83,500","99,000","122,100","85,700.0","34,150.0","31,050.0"
197,"32,800.0","34,664.6","57,000.0","32,000.0","95,200.0","94,000.0","37,700","29,400.0","46,100.0","50,200.0","27,950.0","166,600","133,000","89,008","95,800.0","53,000.0","94,800.0","18,700.0","148,900","52,500.0","28,200.0","49,250.0","38,800.0","76,567","86,000","98,100","122,500","85,500.0","34,150.0","31,400.0"
198,"32,700.0","34,268.9","56,500.0","31,650.0","95,000.0","95,200.0","39,000","27,900.0","45,100.0","51,700.0","27,650.0","170,000","134,800","89,084","94,200.0","52,800.0","94,500.0","19,000.0","147,600","51,100.0","27,650.0","48,900.0","38,000.0","76,900","85,700","99,600","122,700","85,400.0","33,600.0","31,500.0"
199,"32,500.0","34,500.0","54,900.0","32,200.0","93,200.0","95,200.0","39,000","26,850.0","44,950.0","51,700.0","27,300.0","171,000","133,600","86,260","94,800.0","52,800.0","93,700.0","18,500.0","146,900","49,000.0","27,400.0","47,350.0","36,700.0","76,500","82,500","96,000","123,900","84,700.0","32,400.0","31,000.0"
200,"33,000.0","35,000.0","56,000.0","32,900.0","93,800.0","95,700.0","39,050","28,700.0","46,050.0","51,000.0","28,150.0","171,000","134,600","88,900","94,500.0","53,000.0","94,700.0","17,250.0","147,000","49,050.0","28,200.0","48,900.0","39,250.0","78,500","82,900","96,500","124,000","86,000.0","34,250.0","31,250.0"
201,"33,150.0","35,300.0","56,100.0","33,400.0","94,500.0","95,900.0","38,600","28,750.0","45,900.0","53,000.0","28,150.0","169,000","134,900","89,000","94,600.0","54,100.0","96,000.0","18,450.0","147,900","49,150.0","28,100.0","48,850.0","40,750.0","79,800","82,800","99,000","125,000","86,100.0","34,350.0","31,300.0"
202,"33,650.0","35,200.0","55,700.0","33,900.0","94,500.0","98,100.0","37,850","30,500.0","45,800.0","52,500.0","28,300.0","171,500","135,800","87,000","94,100.0","53,800.0","95,600.0","18,350.0","148,300","48,800.0","30,050.0","49,150.0","42,050.0","80,000","82,800","98,400","125,200","85,500.0","34,550.0","30,800.0"
203,"33,800.0","35,200.0","55,200.0","34,150.0","93,600.0","97,000.0","36,900","30,600.0","45,800.0","53,000.0","28,300.0","172,000","134,400","87,000","93,000.0","54,000.0","93,200.0","18,000.0","148,300","49,650.0","29,500.0","49,100.0","41,350.0","79,500","81,700","95,500","125,200","85,200.0","34,750.0","30,550.0"
204,"33,900.0","35,400.0","55,100.0","33,800.0","93,600.0","97,000.0","37,000","30,600.0","45,700.0","52,100.0","28,450.0","171,500","134,300","86,300","94,400.0","54,000.0","92,500.0","17,450.0","148,900","52,600.0","30,500.0","49,300.0","40,750.0","78,400","81,600","95,000","126,000","85,300.0","35,400.0","30,500.0"
205,"34,500.0","37,100.0","56,000.0","33,900.0","93,000.0","96,200.0","36,950","30,850.0","46,400.0","51,000.0","28,900.0","171,000","135,900","91,000","95,200.0","53,900.0","96,200.0","17,500.0","151,000","51,800.0","31,500.0","50,000.0","41,050.0","78,800","82,000","95,100","128,300","86,400.0","35,800.0","30,100.0"
206,"34,400.0","37,400.0","56,900.0","34,750.0","93,500.0","101,900.0","37,600","31,100.0","46,750.0","54,400.0","29,100.0","170,000","137,800","89,000","94,800.0","55,900.0","96,500.0","18,700.0","157,000","53,000.0","32,100.0","50,900.0","42,750.0","79,000","85,100","101,000","126,000","86,700.0","36,050.0","31,150.0"
207,"33,700.0","37,050.0","56,600.0","34,750.0","93,600.0","105,000.0","38,400","30,500.0","46,800.0","55,700.0","28,700.0","161,000","137,100","89,100","93,800.0","55,700.0","95,100.0","19,000.0","159,300","52,800.0","32,550.0","50,500.0","42,000.0","78,000","84,000","100,000","123,000","86,200.0","35,500.0","33,300.0"
208,"33,750.0","38,000.0","56,200.0","34,000.0","93,500.0","103,700.0","38,600","30,500.0","46,100.0","56,800.0","28,350.0","153,800","137,500","88,200","93,800.0","55,500.0","94,600.0","19,250.0","156,600","51,900.0","32,700.0","49,900.0","42,000.0","79,100","85,300","104,500","123,800","85,400.0","35,150.0","35,600.0"
209,"33,300.0","39,200.0","55,600.0","33,200.0","93,400.0","107,500.0","38,500","30,300.0","45,800.0","56,600.0","28,600.0","154,000","135,500","86,400","93,000.0","56,300.0","93,900.0","20,150.0","153,200","51,600.0","31,950.0","49,450.0","41,000.0","79,800","85,400","102,200","123,800","85,200.0","34,600.0","34,750.0"
210,"33,000.0","38,850.0","54,700.0","33,300.0","92,000.0","102,000.0","37,700","29,600.0","45,650.0","54,100.0","28,100.0","153,000","133,000","83,900","93,500.0","55,000.0","93,200.0","18,750.0","152,000","49,550.0","31,600.0","48,650.0","40,450.0","79,500","85,400","102,300","123,800","83,700.0","34,400.0","35,000.0"
211,"32,750.0","39,400.0","53,800.0","33,000.0","89,500.0","103,300.0","36,800","29,300.0","45,100.0","53,000.0","27,900.0","144,900","131,800","84,500","92,600.0","54,100.0","94,100.0","18,650.0","152,900","48,100.0","32,450.0","48,450.0","40,200.0","79,400","83,600","101,000","123,800","83,700.0","34,300.0","34,200.0"
212,"33,100.0","42,150.0","54,000.0","34,150.0","89,600.0","108,000.0","37,000","30,950.0","46,200.0","53,700.0","29,200.0","144,900","136,000","83,800","90,000.0","54,800.0","92,700.0","18,150.0","152,800","50,500.0","34,700.0","50,400.0","43,000.0","80,000","83,600","100,800","123,200","83,100.0","35,400.0","36,000.0"
213,"33,350.0","44,000.0","54,000.0","35,150.0","92,100.0","105,000.0","35,500","30,800.0","46,700.0","53,500.0","29,700.0","144,800","135,500","83,500","90,500.0","54,200.0","94,100.0","16,900.0","151,000","48,850.0","34,300.0","50,500.0","42,150.0","81,900","82,200","98,800","122,000","83,100.0","35,250.0","33,800.0"
214,"33,050.0","44,250.0","54,200.0","35,450.0","91,300.0","105,500.0","35,700","30,600.0","46,250.0","53,500.0","29,650.0","144,800","134,000","82,000","91,800.0","55,000.0","93,900.0","17,700.0","151,900","48,700.0","35,000.0","49,750.0","41,900.0","83,400","82,200","98,900","122,000","84,700.0","34,850.0","34,400.0"
215,"32,750.0","43,650.0","52,700.0","35,000.0","89,000.0","104,600.0","33,250","29,000.0","44,700.0","49,800.0","29,500.0","142,000","130,000","80,000","86,500.0","53,600.0","93,500.0","16,500.0","150,000","45,300.0","32,600.0","48,600.0","40,200.0","86,200","79,100","97,000","120,500","82,900.0","33,050.0","32,000.0"
216,"32,800.0","44,900.0","51,600.0","34,550.0","88,100.0","107,000.0","31,100","29,550.0","44,000.0","50,500.0","29,900.0","142,100","130,100","80,100","88,000.0","54,000.0","93,300.0","15,400.0","151,000","42,300.0","33,900.0","48,750.0","38,900.0","87,600","77,000","95,900","124,500","83,400.0","33,250.0","32,400.0"
217,"33,000.0","43,650.0","51,900.0","33,800.0","88,300.0","107,000.0","31,800","28,950.0","43,500.0","51,900.0","29,600.0","147,500","133,500","80,000","89,000.0","54,100.0","93,600.0","16,050.0","150,000","45,200.0","32,900.0","48,850.0","39,300.0","86,800","77,600","95,800","126,300","83,400.0","33,500.0","33,250.0"
218,"32,950.0","46,700.0","52,300.0","35,100.0","88,800.0","108,600.0","32,500","28,900.0","44,000.0","51,700.0","30,200.0","149,200","134,000","80,200","90,000.0","54,100.0","94,400.0","17,000.0","150,000","45,700.0","33,800.0","48,850.0","39,600.0","87,100","78,600","95,000","123,600","83,000.0","33,950.0","33,600.0"
219,"33,450.0","47,350.0","52,500.0","35,550.0","88,200.0","107,400.0","32,400","29,200.0","43,300.0","50,800.0","31,800.0","151,000","133,200","80,000","89,800.0","54,800.0","95,500.0","16,650.0","148,000","44,550.0","34,600.0","49,800.0","40,000.0","89,200","79,400","95,500","122,000","82,600.0","34,300.0","33,100.0"
220,"34,350.0","46,900.0","51,100.0","35,650.0","85,300.0","107,100.0","30,150","29,000.0","40,700.0","49,100.0","32,100.0","143,000","129,900","78,100","85,400.0","54,300.0","96,900.0","15,500.0","145,000","41,450.0","33,300.0","50,300.0","37,750.0","93,000","76,200","95,000","120,500","81,000.0","33,450.0","31,000.0"
221,"34,850.0","49,000.0","51,600.0","37,000.0","86,500.0","109,500.0","31,250","30,050.0","43,250.0","49,900.0","32,600.0","153,000","131,000","79,000","90,000.0","54,400.0","97,000.0","16,550.0","145,000","42,800.0","34,700.0","51,900.0","39,750.0","95,800","81,000","96,000","121,300","79,200.0","34,900.0","33,150.0"
222,"35,450.0","48,100.0","53,000.0","37,650.0","86,000.0","112,200.0","31,000","30,700.0","43,450.0","50,400.0","33,300.0","147,000","131,900","79,400","86,800.0","57,000.0","101,000.0","16,300.0","143,700","42,450.0","35,550.0","52,400.0","39,200.0","94,500","81,200","96,400","121,100","79,700.0","35,900.0","33,900.0"
223,"34,900.0","47,600.0","53,800.0","36,900.0","85,900.0","111,800.0","30,700","30,800.0","42,150.0","50,100.0","33,000.0","142,000","131,500","79,000","87,500.0","57,000.0","101,000.0","16,400.0","148,800","43,400.0","35,400.0","51,900.0","40,200.0","91,000","81,000","96,500","121,100","83,100.0","35,450.0","34,200.0"
224,"34,550.0","47,950.0","54,400.0","36,900.0","89,500.0","109,000.0","31,200","30,900.0","42,200.0","50,000.0","33,700.0","143,000","132,500","79,900","90,800.0","56,100.0","104,000.0","16,800.0","148,700","45,050.0","35,550.0","52,800.0","41,950.0","89,000","80,300","97,000","121,900","83,100.0","36,650.0","34,950.0"
225,"34,700.0","47,400.0","55,500.0","36,300.0","89,500.0","114,700.0","32,200","31,100.0","43,050.0","50,600.0","33,800.0","147,900","133,900","80,000","91,000.0","58,700.0","107,300.0","17,850.0","152,100","45,850.0","35,600.0","52,800.0","41,700.0","92,400","82,200","91,200","130,400","83,500.0","36,300.0","35,500.0"
226,"35,750.0","47,350.0","55,400.0","36,500.0","90,600.0","114,000.0","33,000","31,400.0","45,550.0","50,400.0","33,800.0","145,500","136,300","79,200","89,000.0","58,800.0","105,000.0","17,900.0","154,800","45,650.0","35,850.0","53,800.0","42,000.0","92,000","81,200","87,300","131,500","82,000.0","37,300.0","35,500.0"
227,"35,600.0","48,400.0","55,900.0","36,350.0","90,700.0","110,000.0","33,100","31,600.0","47,300.0","53,100.0","33,300.0","146,600","137,000","79,000","90,800.0","59,400.0","103,300.0","17,800.0","153,800","45,700.0","35,050.0","53,600.0","41,500.0","90,800","81,500","85,700","135,000","82,800.0","37,100.0","35,900.0"
228,"35,550.0","48,400.0","55,400.0","36,750.0","92,000.0","112,000.0","33,600","31,500.0","47,000.0","52,800.0","33,750.0","149,600","136,300","78,500","90,000.0","60,500.0","103,300.0","18,550.0","157,000","45,100.0","34,750.0","53,600.0","41,200.0","91,300","80,100","84,000","133,000","82,700.0","36,700.0","36,000.0"
229,"35,700.0","47,900.0","55,100.0","36,800.0","91,600.0","111,000.0","33,950","31,200.0","47,150.0","52,800.0","33,950.0","149,800","135,300","78,100","90,100.0","59,400.0","104,800.0","18,300.0","159,600","45,100.0","35,300.0","53,700.0","42,850.0","90,000","79,700","81,700","132,800","82,000.0","36,600.0","34,600.0"
230,"34,000.0","44,750.0","54,200.0","34,600.0","91,000.0","116,000.0","33,300","29,200.0","46,200.0","52,700.0","32,000.0","151,600","132,000","78,000","89,500.0","60,200.0","104,600.0","17,700.0","167,900","43,600.0","32,850.0","51,500.0","40,000.0","86,000","78,100","81,800","140,000","81,100.0","35,000.0","33,000.0"
231,"34,500.0","46,200.0","54,800.0","34,950.0","91,100.0","117,400.0","33,350","29,500.0","46,000.0","53,500.0","32,700.0","160,500","133,300","79,000","90,000.0","59,000.0","105,500.0","18,100.0","170,000","44,200.0","33,500.0","51,800.0","40,750.0","87,000","80,000","83,700","139,200","81,200.0","35,950.0","34,000.0"
232,"34,200.0","45,150.0","57,400.0","34,650.0","91,300.0","114,500.0","33,750","29,250.0","46,000.0","53,800.0","32,650.0","158,100","132,900","78,100","90,200.0","59,000.0","106,300.0","18,200.0","168,400","44,900.0","33,600.0","51,600.0","40,400.0","87,000","80,000","82,900","139,200","80,400.0","35,650.0","34,300.0"
233,"34,300.0","46,000.0","56,900.0","34,900.0","92,800.0","118,700.0","34,000","29,750.0","46,500.0","54,900.0","33,200.0","163,000","134,500","79,000","92,000.0","60,000.0","107,900.0","18,600.0","170,500","45,000.0","33,900.0","52,200.0","41,150.0","87,500","80,800","83,100","141,600","80,800.0","36,300.0","34,450.0"
234,"33,850.0","44,700.0","57,300.0","34,600.0","92,200.0","117,000.0","33,600","29,500.0","47,050.0","54,000.0","32,650.0","163,300","134,000","78,500","91,200.0","59,800.0","107,000.0","18,550.0","169,400","45,200.0","33,350.0","51,600.0","40,800.0","87,200","79,700","82,200","149,000","80,600.0","35,900.0","33,600.0"
235,"34,400.0","45,250.0","57,200.0","34,400.0","93,500.0","115,800.0","34,600","29,600.0","46,650.0","54,200.0","32,650.0","160,300","133,900","78,500","91,200.0","59,900.0","106,500.0","18,400.0","169,600","46,000.0","33,200.0","51,500.0","40,900.0","87,400","80,000","83,600","146,000","81,000.0","35,900.0","34,100.0"
236,"34,700.0","46,000.0","56,300.0","34,600.0","92,900.0","116,500.0","34,250","29,550.0","46,400.0","53,900.0","34,400.0","157,500","137,700","78,100","89,800.0","62,000.0","110,000.0","17,800.0","168,400","45,000.0","33,700.0","51,400.0","41,500.0","86,800","79,300","82,000","142,800","80,000.0","35,550.0","34,500.0"
237,"34,600.0","45,600.0","57,600.0","34,850.0","93,000.0","117,000.0","34,250","29,650.0","46,700.0","54,100.0","34,350.0","157,200","137,800","77,400","90,000.0","62,500.0","109,600.0","18,150.0","169,800","45,300.0","33,600.0","51,700.0","42,600.0","86,900","79,400","82,500","148,200","80,000.0","35,900.0","34,900.0"
238,"34,450.0","44,600.0","59,000.0","33,850.0","92,000.0","119,000.0","33,700","28,800.0","46,000.0","52,800.0","34,000.0","159,500","136,800","76,000","88,600.0","63,400.0","109,000.0","17,750.0","169,700","44,600.0","32,900.0","50,500.0","41,250.0","85,300","78,600","80,100","148,000","78,600.0","36,900.0","34,000.0"
239,"34,350.0","44,550.0","59,000.0","33,850.0","92,300.0","117,200.0","34,000","29,250.0","45,900.0","53,300.0","34,100.0","158,000","137,600","76,300","87,500.0","62,400.0","107,800.0","17,850.0","169,600","45,700.0","33,000.0","50,700.0","41,950.0","85,100","78,300","79,100","145,100","78,900.0","38,200.0","34,000.0"
240,"33,900.0","43,700.0","59,100.0","33,150.0","93,300.0","118,000.0","34,150","28,800.0","47,200.0","52,900.0","34,400.0","156,000","136,000","75,300","85,000.0","62,300.0","103,000.0","17,350.0","169,800","45,700.0","32,850.0","50,400.0","42,250.0","84,500","77,500","77,000","140,100","78,400.0","38,000.0","33,500.0"
241,"33,850.0","44,100.0","59,800.0","33,300.0","93,400.0","117,700.0","35,700","28,550.0","46,900.0","54,100.0","34,000.0","156,500","136,000","75,400","84,500.0","61,300.0","105,000.0","17,450.0","168,000","46,000.0","32,650.0","50,300.0","42,800.0","85,000","78,000","79,200","140,900","79,200.0","37,750.0","33,500.0"
242,"32,900.0","42,450.0","59,000.0","32,000.0","93,100.0","119,200.0","35,400","27,350.0","46,900.0","53,700.0","32,500.0","157,000","134,500","76,400","87,200.0","61,500.0","103,400.0","17,450.0","169,000","44,800.0","31,250.0","49,200.0","41,450.0","85,000","77,500","78,900","145,000","78,500.0","36,500.0","32,800.0"
243,"33,450.0","42,800.0","59,000.0","32,600.0","93,400.0","120,700.0","36,300","28,250.0","50,100.0","54,600.0","33,100.0","159,100","136,500","78,000","88,000.0","62,800.0","104,000.0","17,200.0","167,100","45,500.0","31,850.0","49,650.0","41,500.0","85,500","78,000","79,000","143,400","78,400.0","37,450.0","32,700.0"
244,"34,300.0","43,300.0","59,700.0","32,750.0","93,500.0","118,000.0","36,000","28,000.0","49,800.0","54,600.0","32,900.0","161,300","135,800","77,000","90,500.0","61,100.0","106,200.0","17,300.0","160,000","46,600.0","32,000.0","49,950.0","40,750.0","84,900","77,900","79,000","139,400","77,900.0","38,100.0","33,750.0"
245,"33,250.0","42,250.0","58,900.0","32,150.0","93,800.0","124,600.0","36,750","27,400.0","51,100.0","53,800.0","32,200.0","158,200","134,200","76,000","89,500.0","63,300.0","108,000.0","17,050.0","154,600","46,800.0","31,500.0","49,250.0","39,000.0","84,900","76,200","78,500","134,200","76,800.0","37,700.0","32,900.0"
246,"32,600.0","41,600.0","58,400.0","32,050.0","94,800.0","120,700.0","36,300","27,350.0","49,450.0","52,100.0","31,000.0","158,800","134,200","76,000","87,100.0","61,300.0","106,000.0","17,200.0","155,600","47,000.0","30,850.0","49,000.0","38,800.0","81,500","74,600","77,900","137,000","76,100.0","37,000.0","32,500.0"
247,"32,700.0","40,500.0","56,400.0","32,000.0","95,500.0","122,200.0","36,000","27,000.0","49,850.0","51,200.0","30,750.0","155,500","133,800","76,500","88,000.0","63,000.0","110,500.0","16,750.0","155,000","46,600.0","31,100.0","49,100.0","38,800.0","83,000","74,000","78,000","140,000","75,100.0","36,850.0","31,600.0"
248,"32,900.0","40,950.0","57,400.0","32,100.0","94,600.0","118,500.0","35,550","26,950.0","49,150.0","51,500.0","31,050.0","150,000","133,500","77,000","88,100.0","61,300.0","108,300.0","16,600.0","157,000","46,600.0","31,550.0","49,250.0","39,000.0","83,500","75,200","79,100","139,000","77,100.0","36,750.0","32,000.0"
249,"32,700.0","41,850.0","57,000.0","32,250.0","93,200.0","112,900.0","34,500","27,300.0","47,600.0","51,000.0","31,450.0","142,500","133,000","77,200","87,700.0","58,000.0","104,500.0","16,150.0","154,000","45,000.0","32,050.0","48,900.0","38,650.0","83,800","75,000","79,000","138,500","78,000.0","36,400.0","31,850.0"
